{
    "available_space": true,
    "id": "f1",
    "size_max": 19.959437370300293,
    "size_mean": 11.447946453094483,
    "size_min": 4.920970916748047,
    "total_size": 114.47946453094482
}