{
    "available_space": true,
    "id": "f1",
    "size_max": 16.003058433532715,
    "size_mean": 10.443302989006042,
    "size_min": 4.920970916748047,
    "total_size": 83.54642391204834
}